{"cameraMode":{"drawMode":0,"name":"Shaded","section":"Shading Mode"},"sceneLighting":true,"audioPlay":false,"sceneViewState":{"m_AlwaysRefresh":false,"showFog":true,"showSkybox":true,"showFlares":true,"showImageEffects":true,"showParticleSystems":true,"showVisualEffectGraphs":true,"m_FxEnabled":true},"in2DMode":false,"pivot":{"x":7.911903381347656,"y":1.7522611618041993,"z":10.488838195800782},"rotation":{"x":-0.002673904877156019,"y":0.9397321343421936,"z":-0.0073357135988771919,"w":-0.3418391942977905},"size":0.42368099093437197,"orthographic":false}