{"cameraMode":{"drawMode":0,"name":"Shaded","section":"Shading Mode"},"sceneLighting":true,"audioPlay":false,"sceneViewState":{"m_AlwaysRefresh":false,"showFog":true,"showSkybox":true,"showFlares":true,"showImageEffects":true,"showParticleSystems":true,"showVisualEffectGraphs":true,"m_FxEnabled":true},"in2DMode":false,"pivot":{"x":7.916374206542969,"y":0.4479999542236328,"z":0.5067682266235352},"rotation":{"x":0.026130540296435357,"y":-0.9269748330116272,"z":0.06574930995702744,"w":0.36840957403182986},"size":10.901920318603516,"orthographic":false}